# The file service's traces: what a host's end of xpute's system calls owes a guest (ipc/sys,
# ARCHITECTURE.md's system calls), apart from the boundary's rules C0 to C7 — the boundary
# carries the calls, and this is what they mean. Run against the host's end
# (ts/host/src/ipc/sys.test.ts): a step writes a record as a guest's turn would, `turn`
# runs them as the host does after a turn, and what reaches the guest is held to the trace.
#
#   file R P B        the host's file P below root R: its bytes in hex, ENOENT, or `later` —
#                     answered only when a `deliver` says, as a transport answers
#   openat FD R F P   a guest's OPENAT: FD as the guest issued it (slot and generation), F rd or wr,
#                     P the path, `""` for an empty one
#   read FD N / write FD TEXT / close FD
#   turn              the host runs the turn's records
#   deliver R P B     the transport answers what `later` held, with B as `file` takes it
#   expect opened FD RES   the next answer the guest is sent: a size, or an errno by name
#   expect quiet      no answer the guest has not been held to
#   expect read HEX   what the last read put in the guest's memory
#   expect commit R P TEXT   what a close made the file
#
# An open's answer comes on a later turn, however much later: `later` is how a trace says the
# transport is slow, and nothing here fixes how many turns pass.
scenarios	open.later open.absent read write close.opening stale.reuse root.walk

open.later.step.0	file 7 a/b later
open.later.step.1	openat 0x10001 7 rd a/b
open.later.step.2	turn
open.later.step.3	expect quiet
open.later.step.4	deliver 7 a/b 616263
open.later.step.5	expect opened 0x10001 3

open.absent.step.0	file 7 a/b ENOENT
open.absent.step.1	openat 0x10001 7 rd a/b
open.absent.step.2	turn
open.absent.step.3	expect opened 0x10001 ENOENT

read.step.0	file 7 a 68656c6c6f
read.step.1	openat 0x10001 7 rd a
read.step.2	turn
read.step.3	expect opened 0x10001 5
read.step.4	read 0x10001 5
read.step.5	close 0x10001
read.step.6	turn
read.step.7	expect read 68656c6c6f
read.step.8	expect quiet

# Opened to write and closed in one turn: the close commits what was written, and the open, ended
# before it was answered, is answered nothing.
write.step.0	openat 0x10001 7 wr a
write.step.1	write 0x10001 ab
write.step.2	write 0x10001 c
write.step.3	close 0x10001
write.step.4	turn
write.step.5	expect quiet
write.step.6	expect commit 7 a abc

# A close ends a descriptor still opening: its open is never answered, however late its transport.
close.opening.step.0	file 7 a later
close.opening.step.1	openat 0x10001 7 rd a
close.opening.step.2	close 0x10001
close.opening.step.3	turn
close.opening.step.4	deliver 7 a 61
close.opening.step.5	expect quiet

# The slot a closed descriptor held is issued again under a new generation before the old open's
# transport answers: the late answer reaches neither descriptor, and the new one gets its own.
stale.reuse.step.0	file 7 a later
stale.reuse.step.1	file 7 b later
stale.reuse.step.2	openat 0x10001 7 rd a
stale.reuse.step.3	turn
stale.reuse.step.4	close 0x10001
stale.reuse.step.5	openat 0x20001 7 rd b
stale.reuse.step.6	turn
stale.reuse.step.7	deliver 7 a 61
stale.reuse.step.8	expect quiet
stale.reuse.step.9	deliver 7 b 6262
stale.reuse.step.10	expect opened 0x20001 2
stale.reuse.step.11	expect quiet

# A root is the whole of what it grants: a path walks down from it a name at a time, and a name
# that is empty, `.` or `..` — an absolute path's first among them — is refused before any host sees it.
root.walk.step.0	file 7 a/b 61
root.walk.step.1	openat 0x10001 7 rd a/b
root.walk.step.2	openat 0x10002 7 rd ../b
root.walk.step.3	openat 0x10003 7 rd a/../b
root.walk.step.4	openat 0x10004 7 rd ./b
root.walk.step.5	openat 0x10005 7 rd a//b
root.walk.step.6	openat 0x10006 7 rd /a
root.walk.step.7	openat 0x10007 7 rd ""
root.walk.step.8	turn
root.walk.step.9	expect opened 0x10001 1
root.walk.step.10	expect opened 0x10002 EACCES
root.walk.step.11	expect opened 0x10003 EACCES
root.walk.step.12	expect opened 0x10004 EACCES
root.walk.step.13	expect opened 0x10005 EACCES
root.walk.step.14	expect opened 0x10006 EACCES
root.walk.step.15	expect opened 0x10007 EACCES
root.walk.step.16	expect quiet
