stringify.0.json	7b7d
stringify.1.keys.0	6e616d65
stringify.1.keys.1	616d656e697479
stringify.1.values.0	eab080eab28c
stringify.1.values.1	63616665
stringify.1.json	7b226e616d65223a22eab080eab28c222c22616d656e697479223a2263616665227d
stringify.2.keys.0	62
stringify.2.keys.1	3130
stringify.2.keys.2	61
stringify.2.keys.3	32
stringify.2.keys.4	3031
stringify.2.keys.5	34323934393637323935
stringify.2.keys.6	34323934393637323934
stringify.2.values.0	31
stringify.2.values.1	78
stringify.2.values.2	32
stringify.2.values.3	79
stringify.2.values.4	7a
stringify.2.values.5	77
stringify.2.values.6	76
stringify.2.json	7b2232223a2279222c223130223a2278222c2234323934393637323934223a2276222c2262223a2231222c2261223a2232222c223031223a227a222c2234323934393637323935223a2277227d
stringify.3.keys.0	676f6e65
stringify.3.keys.1	6b657074
stringify.3.values.0	undefined
stringify.3.values.1	
stringify.3.json	7b226b657074223a22227d
stringify.4.keys.0	71
stringify.4.keys.1	63
stringify.4.values.0	73617920226869225c
stringify.4.values.1	080c0a0d09011f7fe280a8e280a92f
stringify.4.json	7b2271223a22736179205c2268695c225c5c222c2263223a225c625c665c6e5c725c745c75303030315c75303031667fe280a8e280a92f227d
stringify.5.keys.0	656d6f6a69
stringify.5.keys.1	647570
stringify.5.keys.2	78
stringify.5.keys.3	647570
stringify.5.values.0	f09f9880
stringify.5.values.1	6669727374
stringify.5.values.2	31
stringify.5.values.3	6c617374
stringify.5.json	7b22656d6f6a69223a22f09f9880222c22647570223a226c617374222c2278223a2231227d
parse.0.text	7b7d
parse.0.read	empty
parse.1.text	207b20226122203a20223122202c202262223a223222207d20
parse.1.read	61=31,62=32
parse.2.text	7b227a223a2231222c2233223a2278222c2261223a2232222c2231223a2279227d
parse.2.read	31=79,33=78,7a=31,61=32
parse.3.text	7b22657363223a225c225c5c5c2f5c625c665c6e5c725c745c75303065395c75643833645c7564653030227d
parse.3.read	657363=225c2f080c0a0d09c3a9f09f9880
parse.4.text	7b226b223a226669727374222c226b223a226c617374227d
parse.4.read	6b=6c617374
parse.5.text	7b226e223a317d
parse.5.read	refused
parse.6.text	7b2261223a2231222c7d
parse.6.read	refused
parse.7.text	7b2261223a2231227d2078
parse.7.read	refused
parse.8.text	5b5d
parse.8.read	refused
