# A guest's files (xpute-guest ipc/file, the system calls in ARCHITECTURE.md): what a guest
# owes the host's answers to its opens. The host's own end — roots, paths, reads, writes — is
# sys/file.tsv's; this is the guest's, held across every guest. A descriptor is a handle, so the
# trace binds them by name and holds them to relations, as handle.tsv does.
#
# The host answers an open with SYS_OPENED, xpute's own command, on a later turn however much later;
# here a step sends it, so the answer can be made to arrive after the descriptor it names has closed.
scenarios	files.stale

files.stale.step.0	submit 1 OPEN ack 5
files.stale.step.1	ring 0
files.stale.step.2	submit 2 CLOSE ack $f1
files.stale.step.3	submit 3 OPEN ack 6
files.stale.step.4	ring 0
files.stale.step.5	submit 4 SYS_OPENED unack $f1 3 0
files.stale.step.6	submit 5 SYS_OPENED unack $f2 3 0
files.stale.step.7	submit 6 CLOSE ack $f1
files.stale.step.8	ring 0
#
# An open is a descriptor of its own.
files.stale.turn.0.completions	1:OPEN=$f1
# The first is closed before its answer came, and the next open takes its slot.
files.stale.turn.1.completions	2:CLOSE=0 3:OPEN=$f2
# The late answer to the closed one reaches no one — not its owner, 5, and not the slot's new one; the
# new one's answer reaches its owner, 6, alone; and the closed descriptor is not one to close again.
files.stale.turn.2.completions	6:OPENED 6:CLOSE=-9
files.stale.relation.0	$f1 != 0
files.stale.relation.1	slot $f1 == slot $f2
files.stale.relation.2	$f1 != $f2
