# The directory's traces (ARCHITECTURE.xpute.md, the contract's rule 0). Every trace's host reads a guest's
# directory before anything else and refuses one whose head is not xpute's or that names a key twice; what
# is here is what it must then find. That a host passes over a key it does not know is the host's side of the
# rule, held by packages/xpute/runtime/src/ipc/directory.test.ts. No offset is written here: where the
# directory is, both ends are built with, and where it points is the guest's own.
scenarios	C0.boot
#
# xpute's keys for the two rings, and the program's own for its stream, past xpute's PROGRAM bit.
C0.boot.directory.keys	SUBMISSION COMPLETION STREAM
C0.boot.directory.reserved	0
