grammar.0.text	30
grammar.0.read	json
grammar.1.text	2d30
grammar.1.read	json
grammar.2.text	31
grammar.2.read	json
grammar.3.text	2d31
grammar.3.read	json
grammar.4.text	3130
grammar.4.read	json
grammar.5.text	312e35
grammar.5.read	json
grammar.6.text	2d322e356531
grammar.6.read	json
grammar.7.text	316535
grammar.7.read	json
grammar.8.text	31452b35
grammar.8.read	json
grammar.9.text	31652d35
grammar.9.read	json
grammar.10.text	302e35
grammar.10.read	json
grammar.11.text	5b302c2d302e302c3165305d
grammar.11.read	json
grammar.12.text	2b31
grammar.12.read	refused
grammar.13.text	2e35
grammar.13.read	refused
grammar.14.text	312e
grammar.14.read	refused
grammar.15.text	3031
grammar.15.read	refused
grammar.16.text	2d3031
grammar.16.read	refused
grammar.17.text	2d
grammar.17.read	refused
grammar.18.text	3165
grammar.18.read	refused
grammar.19.text	31652b
grammar.19.read	refused
grammar.20.text	2d2d31
grammar.20.read	refused
grammar.21.text	307831
grammar.21.read	refused
grammar.22.text	496e66696e697479
grammar.22.read	refused
grammar.23.text	4e614e
grammar.23.read	refused
grammar.24.text	312e6531
grammar.24.read	refused
grammar.25.text	5b2b315d
grammar.25.read	refused
grammar.26.text	7b226e223a2e357d
grammar.26.read	refused
